<?xml version="1.0" encoding="UTF-8"?>
<project-private xmlns="http://www.netbeans.org/ns/project-private/1">
    <editor-bookmarks xmlns="http://www.netbeans.org/ns/editor-bookmarks/2" lastBookmarkId="0"/>
    <open-files xmlns="http://www.netbeans.org/ns/projectui-open-files/2">
        <group>
            <file>file:/D:/Studies/San%20Marcos/Ciclo%205/Lenguajes%20y%20Compiladores/Repositorio/LenguajesYCompiladores/ANALIZADOR_SINTÁCTICO_ZOOLANG/src/analizador_sintactico_zoolang/Parser.java</file>
            <file>file:/D:/Studies/San%20Marcos/Ciclo%205/Lenguajes%20y%20Compiladores/Repositorio/LenguajesYCompiladores/ANALIZADOR_SINTÁCTICO_ZOOLANG/src/vista/VistaAnalizadorSintáctico.java</file>
        </group>
    </open-files>
</project-private>
